{"best_checkpoint": {"name": "15_Step-14902.ckpt", "avg_eval_metric": 94.29190170115639, "time_stamp": 2413.718}, "last_checkpoint": {"name": "148_Step-185943.ckpt", "avg_eval_metric": 1.359193443906031, "time_stamp": 26510.9}}